{
    "weapon_deagle":[
        {"chance":50,"pos":[-2121.701904, -6406.957031, 257.370422]}
    ],
    "card_o5":[
        {"chance":100,"pos":[578.0, -3444.0, 42.70]},
        {"chance":100,"pos":[3213.0,-2231.0,50.0]},
        {"chance":100,"pos":[3223.0,-2131.0,50.0]},
        {"chance":100,"pos":[3223.0,-2031.0,50.0]}
    ]
}