{
    "weapon_deagle":[
        {"chance":50,"pos":[-2121.701904, -6406.957031, 257.370422]}
    ],
    "card_o5":[
        {"chance":100,"pos":[578.0, -3444.0, 42.70]},
        {"chance":100,"pos":[3240.0,-2231.0,50.0]}
    ],
    "card_bg":[
        {"chance":100,"pos":[3220.0,-2231.0,50.0]}
    ],
    "card_bs":[
        {"chance":25,"pos":[2704.0,-2382.0,272.0]}
    ],
    "card_en":[
        {"chance":100,"pos":[3180.0,-2231.0,50.0]}
    ],
    "card_fm":[
        {"chance":100,"pos":[3160.0,-2231.0,50.0]}
    ],
    "card_j":[
        {"chance":100,"pos":[3140.0,-2231.0,50.0]}
    ],
    "card_lt":[
        {"chance":100,"pos":[3120.0,-2231.0,50.0]}
    ],
    "card_zm":[
        {"chance":100,"pos":[3100.0,-2231.0,50.0]}
    ]
}